GerÃ§ek_Fiyat,Tahmin_Fiyat,Hata,Mutlak_Hata,YÃ¼zde_Hata,Tahmin_MLP,Tahmin_LSTM,Tahmin_Transformer,Tahmin_Ensemble,Tahmin_Basit_Ensemble
26228.324,28650.787,2422.463,2422.463,9.236056,23504.81,26847.805,28650.787,25796.838,26334.469
26539.674,28451.762,1912.0879,1912.0879,7.20464,24264.791,27291.93,28451.762,26286.725,26669.494
26608.693,29487.94,2879.246,2879.246,10.820697,24861.959,27489.992,29487.94,26729.533,27279.963
26568.281,28968.28,2399.998,2399.998,9.03332,25734.82,27480.041,28968.28,26993.316,27394.38
26534.188,28870.025,2335.838,2335.838,8.803125,25295.475,27484.188,28870.025,26819.36,27216.562
26754.281,28449.723,1695.4414,1695.4414,6.337085,25547.764,27456.213,28449.723,26852.186,27151.234
27211.117,28520.05,1308.9336,1308.9336,4.81029,25526.436,27633.07,28520.05,26942.574,27226.521
27132.008,28752.508,1620.5,1620.5,5.9726505,26256.707,28052.94,28752.508,27457.762,27687.385
26567.633,27854.947,1287.3145,1287.3145,4.845424,25772.658,27906.398,27854.947,27099.46,27178.0
26579.568,27386.613,807.0449,807.0449,3.0363357,25427.486,27358.932,27386.613,26636.908,26724.344
26579.39,27273.125,693.7344,693.7344,2.6100461,25475.277,27378.688,27273.125,26652.1,26709.031
26256.826,26994.873,738.0469,738.0469,2.8108764,25944.945,27388.182,26994.873,26801.785,26776.0
26298.48,26961.805,663.3242,663.3242,2.522291,25467.455,27117.746,26961.805,26480.49,26515.67
26217.25,27221.82,1004.5703,1004.5703,3.831715,25255.799,27115.943,27221.82,26429.545,26531.188
26352.717,26929.732,577.0156,577.0156,2.1895869,24740.723,27086.547,26929.732,26188.053,26252.334
27021.547,27554.787,533.24023,533.24023,1.9733891,24588.09,27237.918,27554.787,26278.924,26460.266
26911.72,28280.23,1368.5098,1368.5098,5.085181,25058.918,27830.512,28280.23,26840.844,27056.553
26967.916,27501.361,533.4453,533.4453,1.9780738,24373.072,27734.266,27501.361,26445.936,26536.232
27983.75,27878.541,-105.208984,105.208984,-0.37596455,24619.887,27761.113,27878.541,26595.04,26753.18
27530.785,30034.68,2503.8945,2503.8945,9.09489,26151.53,28762.582,30034.68,27926.309,28316.264
27429.979,27702.193,272.21484,272.21484,0.9923991,25337.709,28339.46,27702.193,27140.299,27126.455
27799.395,27944.146,144.75195,144.75195,0.5207018,25537.365,28162.691,27944.146,27152.27,27214.734
27415.912,27729.69,313.77734,313.77734,1.1445081,25607.105,28537.7,27729.69,27345.92,27291.498
27946.598,26652.07,-1294.5273,1294.5273,-4.632147,25164.139,28158.83,26652.07,26863.863,26658.346
27968.84,28418.746,449.90625,449.90625,1.6085982,25384.12,28614.014,28418.746,27379.244,27472.291
27935.09,27769.799,-165.29102,165.29102,-0.59169674,25684.21,28619.107,27769.799,27421.035,27357.705
27583.678,27900.559,316.88086,316.88086,1.1487985,26172.438,28495.184,27900.559,27555.781,27522.727
27391.02,27070.496,-320.52344,320.52344,-1.1701771,26050.71,28007.266,27070.496,27166.607,27042.822
26873.32,27031.51,158.18945,158.18945,0.58864874,26111.05,27817.832,27031.51,27087.988,26986.797
26756.799,26129.174,-627.625,627.625,-2.3456655,25768.71,27417.104,26129.174,26652.38,26438.328
26862.375,26645.598,-216.77734,216.77734,-0.80699253,25178.322,27467.607,26645.598,26515.02,26430.51
26861.707,26648.18,-213.52734,213.52734,-0.79491353,25028.395,27581.719,26648.18,26517.37,26419.432
27159.652,26728.824,-430.82812,430.82812,-1.58628,25563.209,27681.664,26728.824,26778.402,26657.9
28519.467,27447.348,-1072.1191,1072.1191,-3.7592537,26195.664,28040.807,27447.348,27280.852,27227.938
28415.748,29996.121,1580.373,1580.373,5.5616097,27642.03,29290.074,29996.121,28751.266,28976.072
28328.342,29986.893,1658.5508,1658.5508,5.85474,27263.09,29100.268,29986.893,28510.896,28783.416
28719.807,28680.87,-38.9375,38.9375,-0.13557717,26948.73,28930.465,28680.87,28158.162,28186.688
29682.95,29319.912,-363.0371,363.0371,-1.2230493,27584.281,29294.637,29319.912,28655.348,28732.943
29918.412,32266.227,2347.8145,2347.8145,7.8473897,28656.707,30250.068,32266.227,29880.137,30391.0
29993.896,32206.297,2212.4004,2212.4004,7.3761687,28279.246,30444.17,32206.297,29830.883,30309.904
33086.234,31439.121,-1647.1133,1647.1133,-4.9782434,27610.803,30481.434,31439.121,29512.102,29843.787
33901.527,37570.152,3668.625,3668.625,10.821415,30617.166,33476.51,37570.152,32866.504,33887.94
34502.82,39405.184,4902.3633,4902.3633,14.208587,31645.182,34195.31,39405.184,33827.793,35081.89
34156.65,41284.168,7127.5195,7127.5195,20.867151,32158.38,34435.035,41284.168,34355.812,35959.19
33909.8,40395.6,6485.801,6485.801,19.126625,32054.52,33674.02,40395.6,33827.082,35374.715
34089.574,40120.38,6030.8047,6030.8047,17.691053,31811.309,33159.594,40120.38,33441.566,35030.426
34538.48,40081.92,5543.4414,5543.4414,16.050043,31730.258,33007.562,40081.92,33329.047,34939.914
34502.363,39933.168,5430.8047,5430.8047,15.740384,32038.316,33173.418,39933.168,33512.668,35048.3
34667.78,39646.02,4978.2383,4978.2383,14.35984,32380.92,33092.15,39646.02,33567.227,35039.7
35437.254,39604.46,4167.207,4167.207,11.759396,32709.484,33303.93,39604.46,33794.17,35205.957
34938.242,40788.547,5850.3047,5850.3047,16.744703,33607.145,34157.305,40788.547,34701.617,36184.332
34732.324,39373.367,4641.043,4641.043,13.362317,33847.46,33543.523,39373.367,34317.76,35588.117
35082.2,38877.09,3794.8906,3794.8906,10.817141,32951.08,33162.15,38877.09,33730.02,34996.77
35049.355,38713.78,3664.4258,3664.4258,10.455045,32941.332,33322.945,38713.78,33790.086,34992.688
35037.37,38098.246,3060.875,3060.875,8.73603,32921.953,33211.4,38098.246,33656.08,34743.863
35443.562,37410.617,1967.0547,1967.0547,5.549822,33546.348,33307.875,37410.617,33861.973,34754.945
35655.277,37381.23,1725.9531,1725.9531,4.840667,33339.11,33932.35,37381.23,34100.145,34884.23
36693.125,37454.754,761.6289,761.6289,2.075672,32751.979,34289.656,37454.754,34070.727,34832.13
37313.97,39421.598,2107.629,2107.629,5.6483645,34157.63,35191.113,39421.598,35282.12,36256.78
37138.05,40827.027,3688.9766,3688.9766,9.9331455,34159.434,35757.477,40827.027,35731.53,36914.645
37054.52,40335.414,3280.8945,3280.8945,8.854236,34428.582,35491.492,40335.414,35640.91,36751.832
36502.355,39886.23,3383.875,3383.875,9.270292,33894.71,35376.75,39886.23,35330.94,36385.895
35537.64,37804.418,2266.7773,2266.7773,6.3785257,33642.28,34947.992,37804.418,34781.207,35464.895
37880.582,35702.56,-2178.0234,2178.0234,-5.7497096,32471.514,34100.695,35702.56,33670.406,34091.59
36154.77,40121.74,3966.9688,3966.9688,10.972186,34113.336,36158.906,40121.74,35839.617,36797.996
36596.684,36640.562,43.878906,43.878906,0.11989859,32455.016,34631.895,36640.562,34042.035,34575.824
36585.703,38658.504,2072.8008,2072.8008,5.665603,33147.4,35025.06,38658.504,34731.516,35610.316
37386.547,38276.67,890.125,890.125,2.3808696,33193.656,35182.387,38276.67,34786.094,35550.906
37476.957,39824.605,2347.6484,2347.6484,6.2642446,34441.984,36123.445,39824.605,35911.234,36796.676
35813.812,38690.383,2876.5703,2876.5703,8.032014,35011.152,36095.84,38690.383,35982.383,36599.125
37432.34,35632.062,-1800.2773,1800.2773,-4.8094172,33054.027,34518.06,35632.062,34094.53,34401.383
37289.62,39042.3,1752.6797,1752.6797,4.700181,34567.4,35975.547,39042.3,35794.117,36528.418
37720.28,38338.844,618.5625,618.5625,1.6398672,34535.703,35979.465,38338.844,35704.566,36284.67
37796.793,38647.78,850.9883,850.9883,2.2514827,34426.957,36492.785,38647.78,35961.188,36522.508
37479.12,37578.223,99.10156,99.10156,0.26441807,33796.918,36467.008,37578.223,35590.35,35947.38
37254.168,37438.812,184.64453,184.64453,0.49563456,33540.26,36350.438,37438.812,35418.598,35776.504
37831.086,37149.99,-681.09766,681.09766,-1.800365,33999.12,36074.59,37149.99,35417.13,35741.234
37858.492,38200.426,341.9336,341.9336,0.90318865,34477.938,36649.113,38200.426,36009.605,36442.49
37712.746,37881.81,169.0625,169.0625,0.44829008,33575.996,36598.277,37881.81,35608.902,36018.69
38688.75,37808.457,-880.29297,880.29297,-2.2753203,33642.617,36386.98,37808.457,35517.57,35946.016
39476.332,39643.746,167.41406,167.41406,0.4240872,35444.516,37518.367,39643.746,36980.406,37535.543
39978.39,40846.41,868.01953,868.01953,2.1712217,35524.773,38347.113,40846.41,37570.47,38239.434
41980.098,41251.703,-728.39453,728.39453,-1.7350949,35326.695,38768.055,41251.703,37757.23,38448.816
44080.65,43669.785,-410.86328,410.86328,-0.93207175,36869.76,40581.973,43669.785,39537.867,40373.84
43746.445,47042.504,3296.0586,3296.0586,7.5344605,38627.375,42381.69,47042.504,41499.895,42683.855
43292.664,47259.96,3967.2969,3967.2969,9.163901,38735.625,41844.973,47259.96,41290.723,42613.52
44166.6,47352.195,3185.5938,3185.5938,7.2126756,38085.176,41330.277,47352.195,40793.785,42255.883
43725.984,49380.465,5654.4805,5654.4805,12.931625,39596.586,42212.508,49380.465,42042.008,43729.855
43779.7,49430.73,5651.0312,5651.0312,12.907881,39092.473,41811.605,49430.73,41653.445,43444.938
41243.832,49080.562,7836.7305,7836.7305,19.000977,39196.277,41857.96,49080.562,41676.47,43378.266
41450.223,46290.934,4840.711,4840.711,11.678371,37899.84,39707.812,46290.934,39774.434,41299.53
42890.742,47051.266,4160.5234,4160.5234,9.700283,37339.58,39896.51,47051.266,39746.664,41429.12
43023.973,49617.11,6593.1367,6593.1367,15.324333,38392.01,41168.363,49617.11,41082.656,43059.16
41929.758,50086.137,8156.379,8156.379,19.452482,38448.51,41230.914,50086.137,41188.96,43255.188
42240.117,46649.656,4409.539,4409.539,10.43922,37900.965,40035.832,46649.656,39983.2,41528.816
41364.664,46224.934,4860.2695,4860.2695,11.74981,37283.008,40379.906,46224.934,39879.023,41295.95
42623.54,44429.16,1805.6211,1805.6211,4.2362065,37806.867,39633.75,44429.16,39490.848,40623.26
42270.527,45835.883,3565.3555,3565.3555,8.434613,37939.73,40515.86,45835.883,40151.055,41430.492
43652.25,44026.613,374.36328,374.36328,0.85760367,37348.957,40069.863,44026.613,39496.336,40481.812
43869.152,46158.848,2289.6953,2289.6953,5.2193747,38406.098,41363.24,46158.848,40796.004,41976.062
43997.902,47778.637,3780.7344,3780.7344,8.592988,38707.27,41793.133,47778.637,41312.305,42759.684
43739.543,48036.2,4296.6562,4296.6562,9.8232765,38783.902,42129.37,48036.2,41542.164,42983.156
43016.117,46977.477,3961.3594,3961.3594,9.209012,38659.957,41750.695,46977.477,41182.125,42462.71
43613.14,44947.24,1334.0977,1334.0977,3.0589352,39311.11,40972.023,44947.24,40798.555,41743.457
42520.402,47040.1,4519.699,4519.699,10.629483,39083.727,41511.188,47040.1,41225.85,42545.004
43442.855,44685.605,1242.75,1242.75,2.8606546,38399.266,40398.258,44685.605,40133.203,41161.043
42627.855,46752.55,4124.6953,4124.6953,9.676056,38866.816,41294.035,46752.55,41000.82,42304.47
42099.402,44876.598,2777.1953,2777.1953,6.596757,38735.195,40501.6,44876.598,40333.8,41371.13
42156.902,44543.566,2386.664,2386.664,5.661384,37973.21,40041.895,44543.566,39774.945,40852.89
42265.188,44311.242,2046.0547,2046.0547,4.840993,37400.043,39939.18,44311.242,39480.92,40550.152
44167.336,44648.535,481.19922,481.19922,1.0894911,38667.367,40090.918,44648.535,40072.52,41135.605
44957.97,48040.465,3082.496,3082.496,6.8563952,39855.543,41885.51,48040.465,41820.3,43260.504
42848.176,48668.32,5820.1445,5820.1445,13.5831785,40027.996,42767.363,48668.32,42407.05,43821.23
44179.92,44739.137,559.21484,559.21484,1.265767,37862.47,40689.6,44739.137,40086.695,41097.066
44162.69,48619.7,4457.008,4457.008,10.092247,38928.75,41906.79,48619.7,41548.81,43151.746
43989.195,48646.8,4657.6055,4657.6055,10.588067,38636.395,41989.625,48646.8,41484.465,43090.938
43943.098,47863.633,3920.5352,3920.5352,8.921845,38608.273,41674.957,47863.633,41224.332,42715.62
46970.504,47617.61,647.10547,647.10547,1.3776847,38429.656,41571.414,47617.61,41076.47,42539.56
46139.73,52275.895,6136.164,6136.164,13.299089,40461.164,44691.645,52275.895,43962.1,45809.566
46627.777,52701.324,6073.547,6073.547,13.025599,41012.004,43883.85,52701.324,43804.043,45865.73
46368.586,53014.902,6646.3164,6646.3164,14.333662,41507.875,44380.652,53014.902,44279.75,46301.145
42853.168,52116.867,9263.699,9263.699,21.617304,41960.07,44156.664,52116.867,44233.31,46077.863
42842.383,44426.473,1584.0898,1584.0898,3.6974828,38967.33,40612.566,44426.473,40426.723,41335.453
41796.27,45681.63,3885.3594,3885.3594,9.295948,38971.195,40243.656,45681.63,40381.664,41632.16
42511.97,42528.047,16.078125,16.078125,0.03782023,38076.348,39305.73,42528.047,39209.03,39970.043
43154.945,45006.5,1851.5547,1851.5547,4.290481,37949.26,40020.277,45006.5,39807.32,40992.01
42742.652,46057.703,3315.0508,3315.0508,7.7558374,38285.36,40893.35,46057.703,40498.957,41745.473
41262.06,46042.65,4780.59,4780.59,11.585922,37538.336,40990.293,46042.65,40266.35,41523.758
41618.406,43005.12,1386.7148,1386.7148,3.331975,36958.19,39541.227,43005.12,38963.652,39834.848
41665.586,42588.312,922.72656,922.72656,2.2146013,36721.207,39796.895,42588.312,38958.21,39702.137
41545.785,43196.54,1650.7539,1650.7539,3.9733365,36533.418,39939.094,43196.54,39029.285,39889.684
39507.367,43171.6,3664.2344,3664.2344,9.274813,36533.58,39993.938,43171.6,39054.562,39899.707
39845.55,41116.273,1270.7227,1270.7227,3.1891205,34926.637,38737.15,41116.273,37575.89,38260.02
40077.074,40602.58,525.5039,525.5039,1.3112332,35363.95,38886.926,40602.58,37758.5,38284.484
39933.81,41255.895,1322.0859,1322.0859,3.3106935,35083.945,39003.832,41255.895,37787.125,38447.89
41816.87,40692.004,-1124.8672,1124.8672,-2.689984,34745.008,38821.71,40692.004,37502.9,38086.24
42120.055,43841.92,1721.8672,1721.8672,4.0879984,36359.145,40072.45,43841.92,39105.117,40091.17
42035.594,45729.84,3694.246,3694.246,8.788376,36447.375,40454.758,45729.84,39547.5,40877.324
43288.246,46239.312,2951.0664,2951.0664,6.8172464,37599.832,40475.887,46239.312,40048.68,41438.344
42952.61,48153.965,5201.3555,5201.3555,12.109522,37922.277,41748.64,48153.965,41037.324,42608.297
42582.605,46535.15,3952.543,3952.543,9.28206,37455.59,41401.88,46535.15,40501.504,41797.54
43075.773,46054.676,2978.9023,2978.9023,6.9154935,37143.098,40831.85,46054.676,40038.305,41343.207
43185.86,46951.402,3765.543,3765.543,8.719388,37102.094,41393.12,46951.402,40411.438,41815.543
42992.25,47646.87,4654.621,4654.621,10.826652,36827.9,41605.684,47646.87,40495.93,42026.816
42583.582,46683.88,4100.297,4100.297,9.628821,37667.99,41368.85,46683.88,40581.2,41906.906
42658.668,45669.92,3011.254,3011.254,7.05895,36849.94,40992.527,45669.92,39966.832,41170.797
43084.67,45774.94,2690.2695,2690.2695,6.2441454,38097.332,41024.418,45774.94,40463.36,41632.23
44318.223,46446.336,2128.1133,2128.1133,4.8018923,37840.785,41328.95,46446.336,40598.773,41872.023
45301.566,47636.72,2335.1523,2335.1523,5.1546836,38892.277,42419.383,47636.72,41685.906,42982.793
47147.2,49096.19,1948.9922,1948.9922,4.1338453,40185.773,43183.754,49096.19,42727.645,44155.24
47771.277,51364.645,3593.3672,3593.3672,7.522024,42540.633,44740.86,51364.645,44664.816,46215.38
48293.918,53418.426,5124.508,5124.508,10.611083,42249.24,45268.125,53418.426,45057.566,46978.594
49958.223,53976.85,4018.629,4018.629,8.043979,42112.54,45595.363,53976.85,45236.797,47228.25
49742.44,56113.46,6371.0195,6371.0195,12.808016,43850.746,46894.81,56113.46,46795.77,48953.004
51826.695,56316.164,4489.4688,4489.4688,8.662464,43067.082,46682.49,56316.164,46415.934,48688.58
51938.555,57956.04,6017.4844,6017.4844,11.585775,43989.195,48577.566,57956.04,47916.812,50174.27
52160.203,59047.723,6887.5195,6887.5195,13.204549,44121.156,48903.77,59047.723,48256.766,50690.88
51662.996,59754.914,8091.918,8091.918,15.6628895,46279.742,49464.88,59754.914,49434.188,51833.176
52122.547,60071.793,7949.246,7949.246,15.25107,44982.855,49190.406,60071.793,48842.812,51415.02
51779.145,60107.89,8328.746,8328.746,16.085136,45773.55,49810.824,60107.89,49460.996,51897.42
52284.875,60469.75,8184.875,8184.875,15.654384,45704.035,49412.69,60469.75,49272.3,51862.156
51839.18,59899.344,8060.164,8060.164,15.548402,46153.66,49821.246,59899.344,49585.42,51958.082
51304.973,59954.516,8649.543,8649.543,16.859074,45858.195,49480.66,59954.516,49306.59,51764.457
50731.95,59392.668,8660.719,8660.719,17.071527,45704.19,49016.07,59392.668,48947.598,51370.98
51571.1,58333.1,6762.0,6762.0,13.111995,44902.996,48494.84,58333.1,48260.297,50576.98
51733.24,58166.11,6432.871,6432.871,12.434696,45219.785,48998.234,58166.11,48617.72,50794.707
54522.402,57539.492,3017.0898,3017.0898,5.53367,46103.0,49047.695,57539.492,48903.66,50896.73
57085.37,60146.57,3061.1992,3061.1992,5.362493,48102.13,51262.31,60146.57,51081.805,53170.332
62504.79,62826.266,321.47656,321.47656,0.51432306,48901.78,53237.875,62826.266,52695.61,54988.64
61198.383,64551.617,3353.2344,3353.2344,5.4792857,52664.023,56590.168,64551.617,56017.598,57935.27
62440.633,63924.234,1483.6016,1483.6016,2.3760195,51510.12,55590.297,63924.234,55002.07,57008.22
62029.848,64508.67,2478.8242,2478.8242,3.9961796,52235.562,56813.914,64508.67,55966.273,57852.72
63167.375,65391.6,2224.2266,2224.2266,3.5211635,52099.67,56743.098,65391.6,55979.02,58078.125
68330.414,66998.45,-1331.9609,1331.9609,-1.9492944,52746.746,58017.953,66998.45,57055.77,59254.387
63801.2,68511.09,4709.8945,4709.8945,7.382141,55653.375,61233.145,68511.09,59962.33,61799.203
66106.805,68934.33,2827.5234,2827.5234,4.2772045,53998.21,58266.37,68934.33,57871.855,60399.637
66925.48,69208.625,2283.1484,2283.1484,3.411479,56335.613,60538.113,69208.625,59942.07,62027.45
68300.09,70099.96,1799.8672,1799.8672,2.6352339,56493.637,61483.37,70099.96,60585.656,62692.324
68498.875,71086.39,2587.5156,2587.5156,3.777457,58365.098,62518.06,71086.39,61929.047,63989.848
69019.78,71766.14,2746.3594,2746.3594,3.9790902,57573.363,62192.41,71766.14,61542.25,63843.97
72123.91,71519.69,-604.21875,604.21875,-0.83775103,57655.22,62992.516,71519.69,61954.188,64055.81
71481.29,72309.4,828.1094,828.1094,1.1584982,60331.863,64797.4,72309.4,63971.42,65812.88
73083.5,72340.766,-742.7344,742.7344,-1.016282,60766.152,64259.02,72340.766,63862.74,65788.65
71396.59,72510.96,1114.3672,1114.3672,1.5608128,61215.21,65265.766,72510.96,64565.38,66330.65
69403.77,72350.73,2946.9531,2946.9531,4.2460995,60571.383,63858.434,72350.73,63585.914,65593.51
65315.117,71804.94,6489.8203,6489.8203,9.936169,59693.9,62684.855,71804.94,62594.594,64727.895
68390.625,68143.18,-247.44531,247.44531,-0.36181176,57186.47,60010.695,68143.18,59871.203,61780.113
67548.59,70125.9,2577.3047,2577.3047,3.8154826,57506.55,62014.027,70125.9,61240.227,63215.49
61912.773,70365.71,8452.9375,8452.9375,13.652979,57659.703,61359.375,70365.71,60990.15,63128.26
67913.67,65223.05,-2690.621,2690.621,-3.9618254,53643.215,57941.887,65223.05,57152.418,58936.05
65491.39,68497.09,3005.7031,3005.7031,4.589463,55794.574,61540.152,68497.09,60170.73,61943.938
63778.76,69314.945,5536.1836,5536.1836,8.680293,55614.08,60476.02,69314.945,59651.46,61801.676
64062.203,68266.04,4203.836,4203.836,6.562116,54388.105,59510.35,68266.04,58578.637,60721.5
67234.17,66172.62,-1061.5547,1061.5547,-1.5788916,53393.797,59870.406,66172.62,58152.383,59812.27
69958.81,69534.57,-424.2422,424.2422,-0.6064171,55870.56,62701.47,69534.57,60910.543,62702.2
69987.836,71533.33,1545.4922,1545.4922,2.2082298,58874.625,64353.008,71533.33,63109.203,64920.324
69455.34,71696.41,2241.0625,2241.0625,3.2266238,57226.156,64823.125,71696.41,62749.13,64581.895
70744.95,72010.11,1265.1562,1265.1562,1.7883344,58402.66,64698.1,72010.11,63162.438,65036.957
69892.83,71952.68,2059.8516,2059.8516,2.9471571,59173.992,65580.59,71952.68,63896.77,65569.086
69645.305,72045.49,2400.1875,2400.1875,3.446302,59313.484,64978.734,72045.49,63651.906,65445.906
71333.65,72004.914,671.2656,671.2656,0.9410224,59310.418,64508.434,72004.914,63405.688,65274.59
69702.14,72475.05,2772.9062,2772.9062,3.9782226,60830.8,65497.16,72475.05,64535.305,66267.664
65446.973,72642.75,7195.7773,7195.7773,10.994821,60780.43,64400.652,72642.75,63974.72,65941.27
65980.81,71726.14,5745.328,5745.328,8.707574,59461.125,61436.5,71726.14,61859.97,64207.92
68508.84,70948.51,2439.664,2439.664,3.5610936,59443.598,61761.156,70948.51,61931.34,64051.082
67837.64,72113.5,4275.8594,4275.8594,6.3030777,60382.297,63282.188,72113.5,63193.418,65259.33
68896.11,71918.42,3022.3125,3022.3125,4.3867683,59875.082,62534.14,71918.42,62598.406,64775.88
69362.555,72200.41,2837.8516,2837.8516,4.0913305,59394.484,63499.27,72200.41,62943.387,65031.387
71631.36,72503.47,872.1094,872.1094,1.2174966,59607.92,64262.2,72503.47,63447.938,65457.863
69139.016,73128.08,3989.0625,3989.0625,5.7696257,61071.605,65757.15,73128.08,64832.594,66652.27
70587.88,72379.54,1791.6562,1791.6562,2.5381923,58251.14,63706.668,72379.54,62640.45,64779.113
70060.61,72110.46,2049.8516,2049.8516,2.925826,58545.496,64505.625,72110.46,63129.01,65053.863
67195.87,72555.41,5359.539,5359.539,7.9759946,57923.984,63969.992,72555.41,62672.176,64816.457
63821.473,71837.266,8015.793,8015.793,12.559711,57760.09,62044.59,71837.266,61544.83,63880.645
65738.73,69005.05,3266.3203,3266.3203,4.9686394,54418.344,59323.77,69005.05,58578.27,60915.72
63426.21,69256.42,5830.211,5830.211,9.192116,55760.96,60489.61,69256.42,59706.93,61835.668
63811.863,68884.28,5072.418,5072.418,7.94902,55409.297,58565.926,68884.28,58549.15,60953.168
61276.69,68625.32,7348.629,7348.629,11.992536,54508.254,58569.55,68625.32,58183.383,60567.707
63512.754,66832.48,3319.7227,3319.7227,5.22686,51708.637,56952.23,66832.48,56102.293,58497.78
63843.57,69333.55,5489.9766,5489.9766,8.599106,54030.395,58671.605,69333.55,58136.344,60678.516
64994.44,70034.93,5040.4883,5040.4883,7.755261,55395.832,58774.203,70034.93,58780.88,61401.656
64926.645,70972.62,6045.9727,6045.9727,9.312005,55618.1,59789.566,70972.62,59489.68,62126.76
66837.68,71322.11,4484.4297,4484.4297,6.7094336,56776.78,59774.09,71322.11,59956.363,62624.33
66407.27,72578.24,6170.9688,6170.9688,9.29261,57992.76,61394.66,72578.24,61383.766,63988.55
64276.9,73271.76,8994.859,8994.859,13.993922,57541.13,61059.3,73271.76,61121.25,63957.395
64481.707,71968.26,7486.551,7486.551,11.610349,55832.71,59266.85,71968.26,59415.715,62355.938
63755.32,72065.445,8310.125,8310.125,13.034402,56494.027,59287.24,72065.445,59685.438,62615.574
63419.14,71493.81,8074.672,8074.672,12.732231,55703.29,58672.234,71493.81,59009.367,61956.45
63113.23,71749.07,8635.84,8635.84,13.683089,54089.934,58324.617,71749.07,58254.797,61387.875
63841.12,71104.836,7263.715,7263.715,11.3778,56179.51,57944.57,71104.836,58772.05,61742.97
60636.855,71428.26,10791.402,10791.402,17.796772,56659.42,58648.105,71428.26,59348.586,62245.26
58254.01,68293.87,10039.855,10039.855,17.234615,55010.656,56092.637,68293.87,57067.984,59799.05
59123.434,65189.004,6065.5703,6065.5703,10.259165,53304.645,54018.188,65189.004,55015.188,57503.94
62889.836,65027.223,2137.3867,2137.3867,3.3986204,53840.953,54298.72,65027.223,55341.664,57722.297
63891.473,69030.766,5139.293,5139.293,8.043785,55420.457,56926.227,69030.766,57731.51,60459.152
64031.133,70573.086,6541.953,6541.953,10.216831,54153.273,57760.668,70573.086,57857.06,60829.01
63161.95,70928.77,7766.824,7766.824,12.296682,55100.49,58224.586,70928.77,58490.168,61417.95
62334.816,70883.08,8548.262,8548.262,13.713463,54461.363,58030.45,70883.08,58145.773,61124.965
61187.94,70137.08,8949.137,8949.137,14.625653,53900.676,57553.78,70137.08,57607.062,60530.51
63049.96,68900.47,5850.508,5850.508,9.279161,52427.49,56347.86,68900.47,56297.32,59225.27
60792.777,69263.05,8470.27,8470.27,13.93302,53417.242,57472.574,69263.05,57285.066,60050.953
60793.71,67561.06,6767.3516,6767.3516,11.131663,52414.023,55784.14,67561.06,55852.363,58586.406
61448.395,68299.05,6850.6523,6850.6523,11.148627,52381.742,56166.285,68299.05,56119.203,58949.027
62901.45,68635.086,5733.6367,5733.6367,9.11527,54507.05,56915.523,68635.086,57338.3,60019.22
61552.79,68869.11,7316.3203,7316.3203,11.886253,54558.81,58000.96,68869.11,57939.24,60476.293
66267.49,67395.55,1128.0547,1128.0547,1.7022746,54450.49,56591.504,67395.55,57011.03,59479.176
65231.582,69406.8,4175.215,4175.215,6.4006033,56376.047,60022.57,69406.8,59716.086,61935.137
67051.875,69867.67,2815.7969,2815.7969,4.1994305,58828.902,59115.83,69867.67,60225.555,62604.137
66940.805,70197.71,3256.9062,3256.9062,4.8653526,60333.434,60419.016,70197.71,61494.15,63650.05
66278.37,70224.086,3945.7188,3945.7188,5.953253,58730.113,60263.29,70224.086,60815.547,63072.5
71448.195,69956.234,-1491.9609,1491.9609,-2.0881717,58719.016,59943.28,69956.234,60617.42,62872.844
70136.53,71601.266,1464.7344,1464.7344,2.0884044,62647.227,63100.48,71601.266,63892.87,65782.99
69122.336,71985.42,2863.086,2863.086,4.142056,60460.15,62278.75,71985.42,62695.066,64908.105
67929.56,72191.9,4262.336,4262.336,6.2746406,59142.113,62005.0,72191.9,62083.617,64446.332
68526.1,72071.9,3545.7969,3545.7969,5.174374,59147.562,61515.79,72071.9,61821.938,64245.082
69265.945,72792.57,3526.625,3526.625,5.091427,58562.332,62535.742,72792.57,62205.336,64630.22
68518.09,73121.805,4603.711,4603.711,6.718971,59091.85,62697.76,73121.805,62524.266,64970.47
69394.555,72348.86,2954.3047,2954.3047,4.2572575,57573.305,62286.867,72348.86,61656.508,64069.676
68296.22,72299.484,4003.2656,4003.2656,5.8616214,58685.965,63038.99,72299.484,62453.24,64674.812
67578.09,71623.766,4045.6719,4045.6719,5.986662,58621.375,62507.23,71623.766,62080.58,64250.793
68364.99,70977.195,2612.2031,2612.2031,3.8209662,58866.812,62210.863,70977.195,61947.977,64018.293
67491.414,70036.2,2544.789,2544.789,3.7705374,58455.723,62438.94,70036.2,61803.703,63643.625
67706.94,68362.14,655.2031,655.2031,0.9677046,57654.645,61872.65,68362.14,61023.824,62629.812
67751.6,68197.2,445.60156,445.60156,0.6576989,57251.094,62070.71,68197.2,60954.91,62506.332
68804.78,67863.86,-940.9219,940.9219,-1.367524,57054.02,62277.76,67863.86,60949.043,62398.547
70567.766,67228.34,-3339.4219,3339.4219,-4.7322197,57949.414,62958.484,67228.34,61561.324,62712.082
71082.82,67495.22,-3587.6016,3587.6016,-5.0470724,57739.742,63927.406,67495.22,62008.246,63054.125
70757.164,67723.875,-3033.289,3033.289,-4.2869,58411.88,64228.277,67723.875,62440.332,63454.676
69342.586,67750.3,-1592.2891,1592.2891,-2.2962642,57774.375,63980.74,67750.3,62077.402,63168.47
69305.77,66863.4,-2442.375,2442.375,-3.5240571,57316.89,63032.656,66863.4,61320.44,62404.312
69647.99,66346.86,-3301.1328,3301.1328,-4.7397385,57694.098,63083.215,66346.86,61429.426,62374.723
69512.28,65899.79,-3612.4922,3612.4922,-5.1969123,56877.266,63131.445,65899.79,61096.79,61969.5
67332.03,65193.016,-2139.0156,2139.0156,-3.1768174,58547.727,62923.043,65193.016,61537.367,62221.26
68241.19,63762.836,-4478.3516,4478.3516,-6.562535,57719.375,61353.12,63762.836,60261.695,60945.113
66756.4,64584.91,-2171.4883,2171.4883,-3.252854,57788.344,62184.62,64584.91,60805.836,61519.293
66011.09,63380.06,-2631.0352,2631.0352,-3.9857469,56485.453,61120.83,63380.06,59636.3,60328.78
66191.0,62350.77,-3840.2305,3840.2305,-5.801741,56326.004,60355.496,62350.77,59068.56,59677.42
66639.05,61314.312,-5324.7344,5324.7344,-7.9904118,55668.695,60262.438,61314.312,58656.83,59081.812
66490.3,61858.117,-4632.1797,4632.1797,-6.9667006,54876.543,60698.32,61858.117,58643.867,59144.324
65140.746,61532.41,-3608.336,3608.336,-5.539292,55049.707,60441.285,61532.41,58540.58,59007.8
64960.297,60109.09,-4851.207,4851.207,-7.467957,52769.836,59384.297,60109.09,56982.977,57421.074
64828.656,59699.66,-5128.996,5128.996,-7.9116187,52869.668,59193.555,59699.66,56876.57,57254.293
64096.2,58924.52,-5171.6797,5171.6797,-8.068621,51903.133,58905.598,58924.52,56278.67,56577.75
64252.574,57995.82,-6256.754,6256.754,-9.737748,52479.75,58240.4,57995.82,56049.875,56238.656
63180.797,57681.727,-5499.0703,5499.0703,-8.703705,52984.46,58213.87,57681.727,56190.24,56293.355
60277.414,56450.605,-3826.8086,3826.8086,-6.3486605,53661.61,57504.664,56450.605,55942.44,55872.293
61804.64,53599.52,-8205.121,8205.121,-13.275898,51225.203,55287.586,53599.52,53571.227,53370.77
60811.277,54121.88,-6689.3984,6689.3984,-11.00026,51791.84,56294.957,54121.88,54358.203,54069.56
61604.8,52819.824,-8784.977,8784.977,-14.260215,49914.6,55557.395,52819.824,53128.832,52763.94
60320.137,53520.9,-6799.2383,6799.2383,-11.271921,50115.043,56090.457,53520.9,53556.04,53242.137
60887.38,51889.78,-8997.598,8997.598,-14.777443,49947.066,55307.125,51889.78,52907.746,52381.324
62678.29,52913.79,-9764.5,9764.5,-15.57876,50600.418,56148.71,52913.79,53699.312,53220.97
62851.98,54374.08,-8477.902,8477.902,-13.48868,51097.25,57396.39,54374.08,54689.168,54289.24
62029.016,54587.992,-7441.0234,7441.0234,-11.996037,51130.613,57466.29,54587.992,54761.652,54394.97
60173.92,54359.105,-5814.8164,5814.8164,-9.663349,50445.293,56692.688,54359.105,54082.875,53832.363
56977.703,52656.312,-4321.3906,4321.3906,-7.5843534,49875.246,55291.633,52656.312,52959.652,52607.73
56662.375,49332.906,-7329.4688,7329.4688,-12.935336,47385.94,52868.48,49332.906,50409.727,49862.44
58303.54,48036.44,-10267.098,10267.098,-17.609734,47674.664,52023.293,48036.44,49939.168,49244.797
55849.11,50984.977,-4864.133,4864.133,-8.709419,48175.48,53164.848,50984.977,51044.76,50775.105
56705.098,49020.23,-7684.867,7684.867,-13.55234,46371.715,51530.51,49020.23,49309.406,48974.152
58009.223,49606.918,-8402.305,8402.305,-14.484429,46927.207,52354.18,49606.918,50005.55,49629.438
57742.496,51575.832,-6166.664,6166.664,-10.679594,47911.152,53788.14,51575.832,51331.125,51091.707
57344.914,51227.32,-6117.5938,6117.5938,-10.668067,47770.207,53681.996,51227.32,51184.477,50893.176
57899.465,50126.176,-7773.289,7773.289,-13.425493,46941.82,53245.332,50126.176,50525.496,50104.44
59231.953,50539.496,-8692.457,8692.457,-14.675283,47725.703,53825.68,50539.496,51163.35,50696.957
60787.793,52804.848,-7982.9453,7982.9453,-13.132482,47256.82,54896.246,52804.848,51791.223,51652.637
64870.152,54759.562,-10110.59,10110.59,-15.585889,49248.95,56083.832,54759.562,53367.734,53364.113
65097.15,57725.402,-7371.746,7371.746,-11.324223,51457.16,58818.496,57725.402,55930.918,56000.355
64118.793,59271.777,-4847.0156,4847.0156,-7.5594306,53423.23,58449.31,59271.777,56655.406,57048.105
63974.066,59871.613,-4102.453,4102.453,-6.412681,52250.363,57857.14,59871.613,55980.188,56659.703
66710.16,61421.676,-5288.4805,5288.4805,-7.927549,53220.42,58143.574,61421.676,56666.367,57595.223
67163.65,63487.44,-3676.207,3676.207,-5.4735074,53989.03,60526.934,63487.44,58407.51,59334.47
68154.52,64821.797,-3332.7266,3332.7266,-4.8899565,55344.273,60898.945,64821.797,59257.65,60355.004
67585.25,64964.54,-2620.711,2620.711,-3.8776376,57731.547,61906.69,64964.54,60685.387,61534.26
65927.67,65582.305,-345.3672,345.3672,-0.5238577,57867.246,61898.83,65582.305,60802.27,61782.793
65372.133,65959.695,587.5625,587.5625,0.8987966,56045.74,61081.168,65959.695,59743.03,61028.863
65777.23,65945.484,168.25781,168.25781,0.2557995,55639.023,60734.566,65945.484,59411.492,60773.027
67912.06,65826.82,-2085.2422,2085.2422,-3.0705035,55220.88,60737.344,65826.82,59242.484,60595.01
67813.336,66375.1,-1438.2344,1438.2344,-2.1208725,55579.992,62080.676,66375.1,60126.273,61345.26
68255.87,66515.555,-1740.3125,1740.3125,-2.5496893,55761.535,62106.89,66515.555,60223.74,61461.324
66819.914,66598.28,-221.63281,221.63281,-0.33168676,57088.277,62831.73,66598.28,61101.855,62172.76
66201.016,66086.445,-114.57031,114.57031,-0.17306429,56212.35,61853.688,66086.445,60214.938,61384.16
64619.25,64988.848,369.59766,369.59766,0.5719622,54149.402,61450.176,64988.848,59109.805,60196.14
65357.5,62530.746,-2826.754,2826.754,-4.325064,53735.582,60061.35,62530.746,57965.97,58775.895
61415.066,62686.57,1271.5039,1271.5039,2.0703452,53918.44,60409.4,62686.57,58230.23,59004.8
60680.094,58609.78,-2070.3125,2070.3125,-3.4118478,51624.5,57510.008,58609.78,55424.832,55914.76
58116.977,57880.8,-236.17578,236.17578,-0.40638,51100.07,56988.105,57880.8,54878.535,55322.99
53991.457,55450.22,1458.7617,1458.7617,2.701838,48954.883,54976.266,55450.22,52769.215,53127.125
56034.316,51391.652,-4642.664,4642.664,-8.285395,46410.383,51473.047,51391.652,49563.062,49758.36
55027.46,52333.016,-2694.4453,2694.4453,-4.8965464,46354.875,51846.824,52333.016,49839.934,50178.24
61710.137,51871.496,-9838.641,9838.641,-15.943315,46235.527,51195.113,51871.496,49409.63,49767.38
60880.113,57569.383,-3310.7305,3310.7305,-5.4381146,50021.402,55652.207,57569.383,53755.215,54414.332
60945.812,58834.062,-2111.75,2111.75,-3.4649632,50468.78,55541.387,58834.062,54009.72,54948.08
58719.484,60218.45,1498.9648,1498.9648,2.5527556,51216.586,56399.89,60218.45,54886.21,55944.973
59354.516,57473.34,-1881.1758,1881.1758,-3.1693895,51121.664,54746.684,57473.34,53694.42,54447.23
60609.566,58485.875,-2123.6914,2123.6914,-3.5038881,50405.348,55478.258,58485.875,53914.2,54789.83
58737.27,60698.195,1960.9258,1960.9258,3.3384695,50884.05,56056.125,60698.195,54639.91,55879.457
57560.098,57978.176,418.07812,418.07812,0.72633326,49406.41,54664.32,57978.176,53065.48,54016.3
58894.1,57139.367,-1754.7344,1754.7344,-2.979474,48965.45,54158.62,57139.367,52546.367,53421.145
59478.973,58040.3,-1438.6719,1438.6719,-2.4187908,50287.91,55626.797,58040.3,53895.605,54651.668
58483.965,58949.973,466.0078,466.0078,0.79681295,50940.168,56248.56,58949.973,54561.418,55379.566
59493.453,57149.227,-2344.2266,2344.2266,-3.94031,50196.598,54918.945,57149.227,53398.484,54088.26
59012.793,57515.605,-1497.1875,1497.1875,-2.537056,50476.668,55671.1,57515.605,53929.72,54554.457
61175.19,56908.984,-4266.207,4266.207,-6.973753,50352.793,55350.277,56908.984,53650.473,54204.02
60381.914,59000.62,-1381.293,1381.293,-2.2875938,51566.785,57052.723,59000.62,55213.598,55873.375
64094.355,58295.152,-5799.203,5799.203,-9.047915,51126.613,56175.492,58295.152,54519.91,55199.09
64178.992,59903.71,-4275.2812,4275.2812,-6.661496,52065.91,58752.36,59903.71,56372.312,56907.324
64333.547,60976.13,-3357.418,3357.418,-5.218767,51979.438,58627.285,60976.13,56397.324,57194.28
62880.66,61532.65,-1348.0117,1348.0117,-2.143762,52232.11,58915.434,61532.65,56702.54,57560.062
59504.133,61261.88,1757.7461,1757.7461,2.95399,52095.863,57829.316,61261.88,56065.375,57062.355
59027.625,58124.61,-903.0156,903.0156,-1.5298187,50449.645,55391.742,58124.61,53845.684,54655.332
59388.184,58227.215,-1160.9688,1160.9688,-1.9548817,48308.36,54939.816,58227.215,52822.285,53825.13
59119.477,57760.473,-1359.0039,1359.0039,-2.2987413,48911.516,55268.812,57760.473,53164.11,53980.266
58969.9,58360.64,-609.2578,609.2578,-1.0331675,48379.08,55113.402,58360.64,52952.7,53951.043
57325.49,58017.21,691.72266,691.72266,1.2066581,48902.055,55169.53,58017.21,53138.867,54029.598
59112.48,57061.99,-2050.4922,2050.4922,-3.4687974,49057.543,54354.527,57061.99,52672.35,53491.355
57431.023,57811.527,380.5039,380.5039,0.6625407,51148.37,55639.957,57811.527,54199.492,54866.62
57971.54,55244.79,-2726.75,2726.75,-4.703601,49873.77,54107.992,55244.79,52646.98,53075.52
56160.492,55664.86,-495.6328,495.6328,-0.88252926,49408.39,54233.58,55664.86,52584.035,53102.277
53948.754,53776.43,-172.32422,172.32422,-0.31942207,49202.34,52648.465,53776.43,51482.344,51875.746
54139.688,52038.035,-2101.6523,2101.6523,-3.881907,46980.227,50916.21,52038.035,49565.48,49978.156
54841.566,51938.805,-2902.7617,2902.7617,-5.2929955,47156.76,50862.957,51938.805,49593.29,49986.176
57019.535,52112.676,-4906.8594,4906.8594,-8.605576,46981.082,51425.754,52112.676,49834.79,50173.17
57648.71,54222.1,-3426.6094,3426.6094,-5.943948,47802.316,52950.04,54222.1,51161.37,51658.156
57343.17,55361.133,-1982.0391,1982.0391,-3.4564517,47286.832,53614.082,55361.133,51436.348,52087.348
58127.01,56746.88,-1380.1328,1380.1328,-2.3743398,48343.574,53632.633,56746.88,51999.496,52907.69
60571.3,57873.41,-2697.8906,2697.8906,-4.454074,49122.75,54225.01,57873.41,52722.49,53740.39
60005.12,59225.32,-779.8008,779.8008,-1.2995571,50899.086,56108.223,59225.32,54505.418,55410.875
59182.836,58721.203,-461.6328,461.6328,-0.7800113,50257.098,55299.797,58721.203,53793.938,54759.363
58192.508,58037.844,-154.66406,154.66406,-0.26578003,49418.355,54652.016,58037.844,53070.43,54036.074
60308.54,57498.023,-2810.5156,2810.5156,-4.6602283,49610.19,54098.57,57498.023,52798.344,53735.594
61649.68,59128.938,-2520.7422,2520.7422,-4.0888166,50685.855,55959.88,59128.938,54338.594,55258.223
62940.457,60352.77,-2587.6875,2587.6875,-4.111326,51594.934,56751.516,60352.77,55223.266,56233.074
63192.977,61376.496,-1816.4805,1816.4805,-2.8744974,52384.688,57728.86,61376.496,56135.426,57163.348
63394.84,62405.766,-989.0742,989.0742,-1.5601809,52857.008,58215.22,62405.766,56677.992,57826.0
63648.71,63154.42,-494.28906,494.28906,-0.7765893,53356.086,58831.695,63154.42,57265.36,58447.402
63329.8,63592.305,262.5039,262.5039,0.41450298,52659.75,59125.926,63592.305,57203.95,58459.324
64301.97,62897.793,-1404.1758,1404.1758,-2.1837213,52711.793,58703.918,62897.793,56929.062,58104.5
63143.15,63112.516,-30.632812,30.632812,-0.04851328,53386.684,59362.945,63112.516,57543.742,58620.715
65181.02,62814.348,-2366.6719,2366.6719,-3.630922,52375.2,58564.83,62814.348,56722.125,57918.125
65790.664,63251.84,-2538.8242,2538.8242,-3.858943,54095.926,60186.867,63251.84,58247.086,59178.215
65887.65,63737.363,-2150.2852,2150.2852,-3.2635634,54819.363,60615.105,63737.363,58792.64,59723.94
65635.305,63705.375,-1929.9297,1929.9297,-2.9403834,54960.586,60814.45,63705.375,58943.97,59826.8
63329.5,63328.188,-1.3125,1.3125,-0.0020724938,54912.598,60592.312,63328.188,58769.664,59611.03
60837.008,61699.973,862.96484,862.96484,1.4184867,55231.25,58957.973,61699.973,57869.266,58629.73
60632.79,58281.184,-2351.6055,2351.6055,-3.8784385,52788.023,56859.527,58281.184,55491.867,55976.246
60759.406,57170.734,-3588.6719,3588.6719,-5.9063644,52933.22,56475.43,57170.734,55224.242,55526.457
62067.477,58030.26,-4037.2148,4037.2148,-6.504558,53172.848,56491.734,58030.26,55419.875,55898.28
62089.95,59691.785,-2398.164,2398.164,-3.862403,53688.793,57460.812,59691.785,56297.23,56947.13
62818.953,60730.9,-2088.0547,2088.0547,-3.3239245,52543.074,58001.414,60730.9,56261.152,57091.793
62236.66,61415.086,-821.5742,821.5742,-1.3200809,53154.633,58981.37,61415.086,57069.305,57850.363
62131.97,60564.008,-1567.9609,1567.9609,-2.5235977,53373.86,58669.004,60564.008,56895.527,57535.625
60582.1,60609.625,27.523438,27.523438,0.045431633,52243.79,58584.832,60609.625,56433.367,57146.082
60274.5,58688.24,-1586.2617,1586.2617,-2.6317294,51989.83,57032.215,58688.24,55326.574,55903.426
62445.09,58664.773,-3780.3164,3780.3164,-6.053825,51480.965,56532.31,58664.773,54877.254,55559.348
63193.023,60665.477,-2527.5469,2527.5469,-3.9997246,53246.266,58064.676,60665.477,56550.1,57325.47
62851.375,61727.96,-1123.4141,1123.4141,-1.7874136,53649.03,58614.78,61727.96,57102.91,57997.26
66046.125,61722.027,-4324.0977,4324.0977,-6.5470877,54808.54,58266.93,61722.027,57359.71,58265.832
67041.11,62999.65,-4041.461,4041.461,-6.0283327,56590.9,60540.547,62999.65,59336.11,60043.7
67612.72,63609.863,-4002.8555,4002.8555,-5.92027,56670.312,61044.945,63609.863,59692.92,60441.707
67399.836,63692.164,-3707.6719,3707.6719,-5.5010104,56665.668,61215.98,63692.164,59787.953,60524.605
68418.79,63337.844,-5080.9453,5080.9453,-7.4262424,57041.316,61050.316,63337.844,59804.16,60476.49
68362.734,63773.88,-4588.8555,4588.8555,-6.7125106,56440.836,61964.207,63773.88,60095.38,60726.31
69001.7,64177.453,-4824.25,4824.25,-6.9914947,57296.07,62039.008,64177.453,60500.42,61170.844
67367.85,64001.336,-3366.5156,3366.5156,-4.997214,58373.83,62571.117,64001.336,61157.195,61648.76
67361.41,63723.06,-3638.3477,3638.3477,-5.4012346,56879.43,61361.676,63723.06,59946.21,60654.723
66432.195,63771.973,-2660.2227,2660.2227,-4.004418,56543.832,61511.566,63771.973,59902.39,60609.125
68161.055,63677.918,-4483.1367,4483.1367,-6.5772705,55020.016,60876.598,63677.918,58994.95,59858.176
66642.414,63884.82,-2757.5938,2757.5938,-4.137896,56596.6,62032.71,63884.82,60201.45,60838.043
67014.695,62727.832,-4286.8633,4286.8633,-6.3969,57178.84,60711.117,62727.832,59613.29,60205.926
67929.3,62319.605,-5609.6914,5609.6914,-8.258133,57102.11,61273.523,62319.605,59825.824,60231.746
69907.76,62358.426,-7549.332,7549.332,-10.79899,57715.004,62094.277,62358.426,60479.992,60722.566
72720.49,62971.184,-9749.309,9749.309,-13.406549,57647.234,63423.395,62971.184,61203.54,61347.27
72339.54,64106.58,-8232.961,8232.961,-11.380998,59732.023,64819.992,64106.58,62828.94,62886.2
70215.19,64304.13,-5911.0586,5911.0586,-8.41849,59201.16,64574.477,64304.13,62526.46,62693.254
69482.47,64481.773,-5000.6953,5000.6953,-7.1970606,58243.285,63360.75,64481.773,61566.34,62028.605
69289.27,64689.21,-4600.0625,4600.0625,-6.6389246,58289.5,62996.82,64689.21,61421.098,61991.844
68741.12,65646.336,-3094.7812,3094.7812,-4.502082,56998.88,63077.77,65646.336,61086.305,61907.66
67811.51,64907.645,-2903.8633,2903.8633,-4.2822576,57345.887,62403.61,64907.645,60788.234,61552.38
69359.56,63611.996,-5747.5664,5747.5664,-8.286624,56771.27,61857.805,63611.996,60146.703,60747.027
75639.08,65390.746,-10248.332,10248.332,-13.548991,58389.824,63207.742,65390.746,61646.047,62329.438
75904.86,67976.984,-7927.875,7927.875,-10.4444895,62082.72,66398.83,67976.984,64957.047,65486.176
76545.48,68848.47,-7697.008,7697.008,-10.05547,63688.996,66546.42,68848.47,65734.27,66361.3
76778.87,69357.99,-7420.875,7420.875,-9.665257,63213.55,66987.1,69357.99,65838.79,66519.555
80474.19,69591.195,-10882.992,10882.992,-13.5235815,63438.793,67271.57,69591.195,66095.22,66767.19
88701.484,70891.73,-17809.758,17809.758,-20.078308,66032.98,68920.38,70891.73,68059.53,68615.03
87955.81,72229.65,-15726.164,15726.164,-17.87962,70198.85,71235.125,72229.65,70958.67,71221.21
90584.164,72642.91,-17941.258,17941.258,-19.806175,70084.36,69893.67,72642.91,70276.57,70873.65
87250.43,73284.29,-13966.141,13966.141,-16.006958,72488.41,70547.79,73284.29,71586.25,72106.82
91066.01,73607.23,-17458.781,17458.781,-19.171568,73333.59,69053.45,73607.23,71176.06,71998.09
90558.48,74471.51,-16086.969,16086.969,-17.764177,75292.33,70550.13,74471.51,72774.61,73437.99
89845.85,75344.39,-14501.461,14501.461,-16.140379,75148.586,69844.19,75344.39,72458.52,73445.73
90542.64,75547.62,-14995.023,14995.023,-16.561283,74162.7,69761.55,75547.62,72069.125,73157.29
92343.79,75758.27,-16585.516,16585.516,-17.960619,75223.984,70081.62,75758.27,72655.1,73687.96
94339.49,76029.36,-18310.133,18310.133,-19.408768,75557.12,71317.6,76029.36,73442.85,74301.36
98504.73,76262.69,-22242.04,22242.04,-22.579666,76571.79,71943.88,76262.69,74170.45,74926.12
98997.664,76396.516,-22601.148,22601.148,-22.82998,78719.72,73134.99,76396.516,75601.086,76083.74
97777.27,76518.81,-21258.46,21258.46,-21.74172,79762.8,73232.74,76518.81,76056.53,76504.78
98013.82,76506.59,-21507.227,21507.227,-21.943054,80545.2,72886.84,76506.59,76172.04,76646.21
93102.3,76728.29,-16374.008,16374.008,-17.587114,79907.86,73008.95,76728.29,76020.29,76548.37
91985.32,76553.1,-15432.219,15432.219,-16.776829,78079.9,70758.1,76553.1,74163.24,75130.37
95962.53,75916.305,-20046.227,20046.227,-20.88964,75982.59,70244.32,75916.305,73041.0,74047.74
95652.47,76479.74,-19172.727,19172.727,-20.044153,77053.79,71925.36,76479.74,74366.53,75152.97
97461.52,76701.44,-20760.086,20760.086,-21.300802,77563.44,72122.3,76701.44,74683.67,75462.39
96449.055,76961.66,-19487.398,19487.398,-20.20486,78922.35,73016.945,76961.66,75680.8,76300.32
97279.79,77157.14,-20122.648,20122.648,-20.685333,80350.73,73309.945,77157.14,76389.02,76939.27
95865.3,77495.82,-18369.477,18369.477,-19.161758,81643.305,74000.56,77495.82,77265.8,77713.23
96002.164,77673.94,-18328.227,18328.227,-19.091473,81688.125,73195.41,77673.94,76891.1,77519.16
98768.53,77593.17,-21175.36,21175.36,-21.439379,79765.71,73327.984,77593.17,76227.984,76895.62
96593.57,78178.375,-18415.195,18415.195,-19.06462,80903.09,74202.125,78178.375,77168.234,77761.195
99920.71,78481.82,-21438.89,21438.89,-21.455904,80340.97,72910.15,78481.82,76330.94,77244.31
99923.336,78806.375,-21116.96,21116.96,-21.133162,82520.93,74390.58,78806.375,77943.125,78572.625
101236.016,79096.125,-22139.89,22139.89,-21.86958,83489.36,74709.3,79096.125,78502.49,79098.26
97432.72,79235.76,-18196.96,18196.96,-18.676437,85029.18,75335.4,79235.76,79416.57,79866.78
96675.43,79136.73,-17538.703,17538.703,-18.141842,83626.8,73343.375,79136.73,77860.266,78702.305
101173.03,78821.94,-22351.094,22351.094,-22.09195,82020.234,73335.1,78821.94,77217.22,78059.09
100043.0,79383.76,-20659.242,20659.242,-20.650364,84131.48,74810.99,79383.76,78828.14,79442.07
101459.26,79574.48,-21884.781,21884.781,-21.570019,83201.125,74276.44,79574.48,78227.12,79017.34
101372.97,79519.875,-21853.094,21853.094,-21.557121,83228.78,74824.58,79519.875,78511.59,79191.08
104298.695,79530.89,-24767.805,24767.805,-23.746994,82438.39,75172.17,79530.89,78393.81,79047.15
106029.72,79537.91,-26491.812,26491.812,-24.98527,86112.58,76208.21,79537.91,80303.82,80619.56
106140.6,79516.99,-26623.61,26623.61,-25.083342,86713.42,76112.2,79516.99,80477.95,80780.875
100041.54,79478.09,-20563.445,20563.445,-20.554907,86616.05,76115.53,79478.09,80438.69,80736.555
97490.95,79196.055,-18294.898,18294.898,-18.76574,84658.48,73631.09,79196.055,78401.445,79161.875
97755.93,78704.97,-19050.96,19050.96,-19.48829,83585.664,72973.2,78704.97,77606.664,78421.28
97224.73,78520.75,-18703.977,18703.977,-19.23788,82362.0,72665.92,78520.75,76969.266,77849.555
95104.94,77615.92,-17489.016,17489.016,-18.389177,79947.43,72321.01,77615.92,75783.89,76628.12
94686.24,77152.07,-17534.172,17534.172,-18.518183,78217.766,71276.51,77152.07,74547.9,75548.78
98676.09,76886.805,-21789.29,21789.29,-22.081629,78179.74,71568.85,76886.805,74653.07,75545.13
99299.195,77955.06,-21344.133,21344.133,-21.494768,79520.54,73711.87,77955.06,76373.2,77062.49
95795.516,78030.51,-17765.008,17765.008,-18.544718,79244.22,74250.305,78030.51,76553.305,77175.01
94164.86,77430.08,-16734.781,16734.781,-17.771791,76823.59,73054.27,77430.08,74964.945,75769.32
95163.93,76784.52,-18379.406,18379.406,-19.313417,77286.94,72753.28,76784.52,74911.91,75608.25
93530.22,77212.23,-16317.992,16317.992,-17.44676,77521.484,73762.2,77212.23,75564.27,76165.305
92643.21,77038.05,-15605.164,15605.164,-16.84437,77788.7,72877.195,77038.05,75192.36,75901.32
93429.21,76844.01,-16585.203,16585.203,-17.751625,76422.01,72143.5,76844.01,74282.11,75136.5
